#{"t_start": 1779209359.175848, "env_id": "None"}
r,l,t
-270.0,300,0.70069
-338.9,300,0.742379
-337.7,300,0.782752
-324.5,300,0.823155
-317.5,300,0.864346
-237.6,300,0.904751
-302.4,300,1.341959
-328.8,300,1.382433
-287.1,300,1.423577
-331.2,300,1.46415
-312.4,300,1.504856
-300.9,300,1.545715
-272.7,300,1.58668
-302.4,300,1.954489
-289.1,300,1.995103
-358.7,300,2.035453
-258.9,300,2.075734
-283.7,300,2.116272
-253.0,300,2.156698
-402.0,300,2.197275
-218.4,300,2.565619
-310.6,300,2.607045
-291.6,300,2.648771
-289.2,300,2.690121
-311.9,300,2.731432
-301.5,300,2.772593
-258.0,300,2.813821
-332.4,300,3.234688
-244.1,300,3.278804
-245.9,300,3.318934
-299.6,300,3.359634
-261.5,300,3.400682
-238.0,300,3.442584
-289.5,300,3.483208
-336.1,300,3.855825
-281.15,289,3.895247
-253.7,300,3.936256
-246.4,300,3.977667
-335.2,300,4.017804
-300.2,300,4.057903
-265.8,300,4.428148
-326.3,300,4.468413
-292.7,300,4.509047
-100.5,208,4.536994
-255.0,300,4.577033
-283.0,300,4.617185
-289.8,300,4.657206
-267.5,300,4.697365
-301.9,300,5.066382
-236.7,276,5.103565
-300.4,300,5.143594
-292.0,300,5.18458
-297.1,300,5.225811
-276.6,300,5.266445
-266.3,300,5.307485
-252.1,300,5.676837
-250.4,300,5.717621
-192.2,300,5.757918
-238.6,300,5.798222
-292.5,300,5.838702
-201.0,300,5.878977
-281.5,300,6.247777
-134.35,281,6.285512
-289.2,300,6.326631
-223.9,300,6.368518
-331.4,300,6.410082
-271.3,300,6.451605
-214.3,300,6.493247
-82.4,210,6.522697
-184.9,300,6.900913
-255.8,300,6.94494
-233.5,300,6.992623
-298.7,300,7.044184
-313.8,300,7.095298
-194.5,282,7.141275
-181.55,285,7.57849
-218.5,300,7.620365
-65.75,171,7.644427
-270.8,300,7.685746
-278.6,300,7.727182
-262.4,300,7.768449
-210.2,300,7.809778
-228.3,300,7.851792
-164.1,260,8.237233
-179.2,260,8.272413
-250.2,300,8.312661
-310.8,300,8.355199
-267.5,300,8.398023
-212.6,300,8.44172
-149.6,300,8.483493
-183.45,269,8.860067
-166.75,291,8.908676
-220.4,300,8.964077
-193.3,300,9.016176
-149.4,274,9.055744
-52.5,178,9.080564
-218.4,300,9.126852
25.7,138,9.147832
-107.05,193,9.525806
-50.05,169,9.548958
-215.1,300,9.589705
-218.2,300,9.631797
-54.8,194,9.658719
-108.3,300,9.699147
-237.5,300,9.739685
-381.5,300,9.78077
-47.6,230,10.142554
-229.5,300,10.183601
-163.9,300,10.225465
-304.4,300,10.266841
-239.8,300,10.308119
-178.9,272,10.345905
-255.5,300,10.386224
-202.7,300,10.830279
-192.8,274,10.87316
-139.5,300,10.920043
-285.9,300,10.96685
-59.75,233,11.002366
2.35,149,11.023715
-147.65,297,11.065236
-20.0,194,11.092508
58.05,101,11.107073
-195.0,300,11.498526
-97.65,249,11.532979
-55.35,225,11.563913
-124.8,300,11.60515
-163.1,248,11.640521
-40.3,210,11.669981
-182.8,300,11.712441
-179.7,300,12.113949
-180.25,273,12.156209
-138.45,283,12.198422
-43.1,178,12.224882
-159.1,300,12.268297
-47.5,198,12.297297
-295.6,300,12.339766
-118.4,256,12.375482
-229.5,300,12.776633
-65.2,238,12.809548
-162.95,261,12.846254
-188.8,300,12.891253
-304.8,300,12.935255
-30.75,187,13.025792
-134.3,300,13.070215
-167.4,286,13.111184
-82.55,241,13.500088
-143.9,256,13.536249
-76.05,193,13.563439
-146.4,300,13.604944
-34.95,255,13.64045
-144.6,300,13.682926
-129.7,300,13.725651
-177.8,300,14.101199
-201.6,300,14.142398
-156.5,300,14.182745
-94.2,300,14.224214
28.25,157,14.246249
-157.95,289,14.287038
42.45,187,14.312509
-59.1,214,14.341144
-200.5,300,14.713654
-176.9,300,14.755221
-128.5,272,14.792097
56.95,107,14.806656
-255.9,300,14.847284
-159.1,300,14.887688
-106.8,290,14.926542
-125.45,239,14.958422
-105.2,300,15.330713
-45.85,199,15.358186
-16.35,183,15.383474
-63.4,236,15.41576
-16.05,193,15.442246
-124.7,300,15.483063
-50.3,214,15.512343
14.0,198,15.538852
-97.8,300,15.579401
-171.65,263,15.943762
-266.0,300,15.985119
-158.5,300,16.026298
-76.1,250,16.060233
-5.2,200,16.08736
47.0,134,16.10567
-54.8,208,16.134791
-1.8,186,16.159736
-20.8,216,16.188583
-27.35,233,16.547658
-61.2,222,16.577908
47.8,154,16.598769
21.2,132,16.616617
-61.85,293,16.655807
-67.35,211,16.684187
-142.9,276,16.721468
-90.8,262,16.756978
16.45,169,16.779679
-45.15,253,17.14019
-87.55,279,17.183084
-47.9,268,17.219721
39.95,153,17.240721
27.15,137,17.259195
-42.0,262,17.29449
-25.6,180,17.318826
-35.65,191,17.344671
-61.2,212,17.373111
-66.9,196,17.399267
21.35,159,17.420594
19.7,132,17.854039
39.35,129,17.875888
-12.5,232,17.909139
-106.7,244,17.943213
35.8,110,17.958929
33.05,199,17.986586
-51.9,188,18.012878
92.6,74,18.02335
30.75,183,18.048704
-5.3,170,18.072697
32.35,155,18.094433
-21.6,200,18.123902
16.9,160,18.487941
63.7,98,18.501717
-2.5,226,18.533538
-16.95,189,18.559772
64.0,140,18.5793
51.25,129,18.597216
29.3,196,18.624366
78.85,81,18.635459
54.0,154,18.656798
74.95,79,18.667801
45.15,143,18.687705
26.6,114,18.703506
45.8,124,18.720507
-25.35,157,18.742124
3.7,134,19.091669
45.6,170,19.115182
-128.7,300,19.155408
64.05,161,19.177962
-13.15,157,19.199915
44.55,165,19.222613
29.9,144,19.242311
29.65,143,19.262135
39.7,136,19.281067
62.8,126,19.298723
53.1,124,19.316056
48.15,135,19.334875
-67.85,265,19.715186
45.95,127,19.732904
59.7,104,19.747925
39.2,124,19.765173
22.1,134,19.783539
-3.55,151,19.804454
65.35,105,19.819263
-0.65,165,19.842252
-24.3,190,19.868486
22.25,177,19.893417
24.5,126,19.910418
42.85,147,19.930143
-55.15,229,19.960879
61.9,114,19.976389
64.65,105,19.990668
5.1,200,20.350885
71.0,88,20.364998
65.9,96,20.37996
118.6,48,20.386821
93.95,93,20.399908
36.6,126,20.420636
87.45,101,20.436736
2.35,133,20.457309
101.5,98,20.470853
92.85,85,20.483735
66.1,116,20.501811
117.9,58,20.511167
80.75,107,20.526856
84.15,97,20.540367
21.75,127,20.55856
95.2,66,20.56899
64.4,118,20.587302
52.0,106,20.602087
82.65,81,20.613242
87.95,65,20.62235
67.2,94,20.964079
67.0,108,20.978722
54.75,127,20.996263
70.7,90,21.008694
59.0,106,21.023176
51.0,114,21.038733
18.1,144,21.058372
70.2,94,21.071211
74.85,83,21.082541
67.65,95,21.095437
100.25,55,21.102956
-0.65,167,21.125622
42.5,114,21.141138
73.75,105,21.1554
107.2,66,21.164422
47.45,117,21.180384
107.45,57,21.188131
57.9,136,21.206592
52.05,93,21.219223
48.85,129,21.236928
100.5,78,21.596647
128.8,42,21.60339
97.25,61,21.612938
63.3,110,21.629875
77.85,81,21.641489
31.4,120,21.657957
55.25,97,21.671087
101.0,90,21.683378
85.35,83,21.694898
64.25,115,21.714432
49.15,135,21.735579
115.85,65,21.745027
88.7,74,21.755526
40.05,119,21.772024
96.4,86,21.784244
45.75,111,21.799506
50.1,124,21.816552
81.6,118,21.832803
88.0,66,21.84187
47.3,140,21.861078
55.6,120,21.877514
33.5,130,22.230824
60.9,100,22.244992
99.8,64,22.25421
103.1,68,22.263626
96.05,63,22.272668
77.6,96,22.286186
70.2,90,22.29932
70.45,109,22.318408
60.3,124,22.446843
50.2,112,22.483036
87.3,88,22.499362
72.5,82,22.512978
125.65,37,22.518955
57.9,136,22.541615
116.4,48,22.549162
59.5,124,22.573776
103.9,72,22.590508
92.85,63,22.602266
77.2,98,22.619644
61.55,111,22.636151
97.75,65,22.645735
89.8,70,22.656822
108.65,63,22.666282
97.95,77,23.309942
102.2,64,23.323608
112.3,70,23.338036
110.55,53,23.350898
62.95,93,23.370673
124.45,45,23.379885
66.9,104,23.400262
77.25,95,23.424673
106.55,63,23.437484
128.75,35,23.444867
71.0,102,23.471021
65.7,124,23.498999
116.65,55,23.508135
99.15,61,23.51797
64.5,114,23.535499
111.05,59,23.544144
81.15,85,23.558624
65.2,96,23.577519
109.25,63,23.586821
111.45,51,23.594638
67.45,111,23.61128
75.75,95,23.627473
110.65,61,23.636843
119.5,42,23.643484
105.3,64,23.653457
107.05,71,23.665708
45.0,112,23.683038
114.6,52,23.691362
87.0,76,24.099495
96.15,63,24.109126
110.15,55,24.116887
122.8,48,24.123814
113.45,45,24.130182
123.65,41,24.136015
101.35,63,24.145384
96.05,61,24.154162
117.9,48,24.160851
89.15,79,24.172018
113.9,48,24.178921
114.65,59,24.187271
82.25,89,24.199932
91.25,81,24.211671
110.85,51,24.218855
95.35,75,24.23021
68.1,72,24.240676
107.35,55,24.248343
62.85,95,24.262211
94.3,54,24.269927
108.6,62,24.27897
123.8,44,24.285075
106.95,67,24.29469
113.55,53,24.302177
106.35,61,24.312181
127.8,28,24.316393
97.65,73,24.327754
114.7,50,24.335646
129.9,36,24.341297
58.7,100,24.356286
104.2,62,24.365159
112.05,51,24.372759
105.45,55,24.380455
65.55,91,24.767255
71.2,82,24.779362
125.2,46,24.786416
99.3,62,24.796179
117.7,52,24.804081
123.7,36,24.810351
133.8,30,24.815293
101.8,66,24.825347
74.25,95,24.839832
126.5,42,24.845981
111.5,42,24.852439
118.45,47,24.86
95.8,78,24.87217
128.8,42,24.878632
123.65,39,24.884564
113.4,58,24.894005
95.55,53,24.90208
131.1,34,24.907311
122.9,42,24.91338
100.15,59,24.921887
113.5,50,24.929133
99.1,62,24.937873
126.7,42,24.944029
81.1,70,24.953827
133.8,32,24.958505
121.8,38,24.963845
119.95,53,24.971307
121.65,49,24.978436
128.7,36,24.983518
126.35,41,24.989703
117.55,45,24.996062
125.95,43,25.002506
93.5,66,25.012553
107.45,59,25.021037
141.0,28,25.025326
124.75,45,25.031891
103.75,75,25.042625
122.2,44,25.048706
129.05,45,25.055209
86.45,99,25.41771
139.2,26,25.421415
124.7,44,25.427787
136.85,33,25.432469
119.55,47,25.439311
127.9,42,25.445398
122.55,51,25.452628
118.9,60,25.461266
124.1,36,25.466471
104.0,46,25.473159
114.9,58,25.481077
120.75,57,25.489436
138.0,32,25.494057
136.9,32,25.4985
120.6,44,25.504582
138.0,30,25.508856
119.6,46,25.515059
108.25,59,25.523199
32.65,127,25.540959
113.1,54,25.54862
94.75,81,25.560058
127.55,33,25.564642
112.15,45,25.571087
122.4,44,25.577289
126.8,40,25.582957
140.15,23,25.586235
116.7,42,25.592235
121.75,43,25.598387
101.25,59,25.60677
111.45,51,25.614012
108.2,58,25.622286
109.2,56,25.630232
123.45,35,25.635183
127.8,40,25.640891
123.3,38,25.646267
117.4,44,25.652504
97.8,84,25.664631
129.15,47,25.671362
123.3,44,25.677715
93.3,78,25.688521
112.3,54,25.696095
101.65,63,25.704948
123.9,56,26.05553
107.7,48,26.062398
130.7,36,26.067435
132.85,31,26.072025
133.8,36,26.077211
136.05,37,26.082423
136.2,34,26.087207
133.65,31,26.091641
124.85,47,26.098309
125.7,40,26.103977
81.85,87,26.116435
136.0,28,26.120379
124.8,46,26.127103
126.7,40,26.132682
130.6,32,26.137173
124.8,50,26.144315
131.65,33,26.148937
87.3,74,26.159344
103.35,71,26.169405
109.8,44,26.175689
120.7,48,26.182322
129.65,37,26.187513
132.0,30,26.19193
131.35,37,26.197036
116.85,53,26.204252
122.0,46,26.210715
92.8,70,26.220146
132.7,34,26.224785
142.35,25,26.228169
121.7,40,26.233551
115.4,46,26.239927
130.7,36,26.245026
127.75,33,26.249627
113.85,43,26.255571
139.1,28,26.25947
103.3,72,26.269666
141.25,25,26.273385
125.75,37,26.278463
104.1,50,26.285227
125.85,43,26.291065
130.5,36,26.295973
102.65,71,26.305619
132.85,37,26.310608
135.15,35,26.315337
114.0,54,26.322662
129.85,31,26.326884
140.0,26,26.330411
141.85,27,26.334076
143.2,24,26.688539
132.85,35,26.693697
132.4,38,26.699108
135.75,27,26.702844
130.05,41,26.708849
132.0,36,26.713931
134.15,31,26.718301
126.7,44,26.724552
126.55,37,26.729596
139.05,27,26.733301
112.55,51,26.740354
117.25,49,26.747159
83.45,85,26.759342
131.95,35,26.764297
129.75,37,26.769501
134.05,29,26.773801
135.6,28,26.777778
135.8,28,26.781763
127.85,41,26.787617
143.15,31,26.792081
135.75,25,26.795632
116.8,52,26.803004
145.0,20,26.805938
128.75,39,26.811696
139.9,24,26.815108
137.7,30,26.819286
135.9,30,26.823652
130.95,31,26.827932
139.95,27,26.831594
131.75,31,26.835785
129.85,35,26.840726
138.05,33,26.845332
128.85,31,26.849672
143.95,21,26.852582
128.55,37,26.857773
132.2,32,26.862142
136.05,27,26.865784
138.05,23,26.868898
136.9,28,26.872786
142.3,24,26.876125
137.3,30,26.880267
114.45,61,26.88868
133.95,31,26.892864
126.35,45,26.898909
133.0,32,26.903228
139.05,25,26.906788
136.2,30,26.91103
126.45,37,26.916202
133.8,30,26.920451
128.6,30,26.924688
126.7,40,26.930331
141.0,28,26.934302
137.1,26,26.937988
137.1,28,26.941947
136.05,25,26.945468
132.9,30,26.949696
135.85,33,26.954332
139.1,26,26.958041
121.8,36,26.963101
140.15,27,26.966909
120.45,47,27.310961
137.2,28,27.314926
122.5,42,27.320712
136.75,23,27.324088
42.3,140,27.344257
139.9,24,27.347717
137.0,24,27.351121
136.9,30,27.355577
134.65,31,27.360181
123.0,42,27.366292
128.85,29,27.370388
130.8,32,27.375041
147.1,20,27.37796
136.05,31,27.382245
135.75,31,27.386581
141.2,24,27.390187
133.65,35,27.395314
138.8,26,27.399088
144.05,25,27.402943
123.35,37,27.408339
143.0,28,27.412283
139.05,25,27.415808
136.2,32,27.420267
138.8,26,27.424225
141.95,23,27.427497
131.85,29,27.431572
139.15,27,27.435391
133.65,33,27.440182
60.8,108,27.455107
135.85,29,27.459107
141.0,24,27.462409
131.65,29,27.466318
138.9,30,27.470397
131.8,34,27.475227
122.95,39,27.480677
128.85,37,27.485911
142.95,21,27.488916
126.85,29,27.492839
145.05,21,27.495687
144.35,23,27.49882
134.8,30,27.502862
137.0,26,27.506503
116.75,49,27.513115
138.85,25,27.516525
143.95,23,27.51963
141.8,24,27.52306
145.0,20,27.525992
142.9,22,27.529266
138.85,25,27.532996
110.75,47,27.540183
136.8,28,27.544464
140.25,27,27.548527
136.95,33,27.553332
131.65,27,27.557259
131.75,33,27.562427
140.2,24,27.56627
146.25,19,27.569084
137.15,29,27.57348
126.7,40,27.579001
129.25,35,27.583712
119.65,43,27.589666
143.95,23,27.592913
120.8,44,27.599018
143.3,26,27.602618
146.3,20,27.94371
139.8,28,27.947641
133.65,29,27.951643
138.85,27,27.955729
135.75,27,27.959773
139.8,28,27.964153
133.75,35,27.969735
134.9,32,27.974741
136.85,29,27.979289
139.15,25,27.983186
141.1,24,27.986997
140.1,24,27.991673
141.05,29,27.996073
145.3,22,28.000044
132.6,30,28.005008
132.75,33,28.010396
142.95,21,28.013368
139.1,24,28.016712
145.35,25,28.020604
138.95,25,28.02516
142.3,26,28.029772
143.25,23,28.03473
139.8,26,28.040191
130.9,38,28.0473
136.2,28,28.052248
139.1,24,28.056688
137.5,30,28.061937
143.9,20,28.065124
139.15,25,28.069643
140.95,25,28.074227
145.05,21,28.077902
138.9,26,28.082371
140.8,22,28.086314
146.0,20,28.090027
143.25,21,28.093846
146.05,21,28.097248
133.75,29,28.101543
136.8,28,28.105912
137.9,32,28.110495
132.55,31,28.11518
137.95,29,28.119221
137.0,26,28.122962
135.7,26,28.126762
140.3,28,28.131155
132.4,32,28.136171
142.25,23,28.140084
137.7,32,28.145103
135.85,27,28.149099
144.0,22,28.15248
146.1,24,28.156786
132.25,37,28.163542
137.2,26,28.168056
146.35,21,28.17171
138.1,28,28.176719
140.25,25,28.18094
128.6,34,28.186769
137.8,26,28.19094
143.95,21,28.194261
142.95,25,28.198123
145.05,21,28.201255
134.05,27,28.205399
126.85,43,28.212396
141.85,23,28.216155
125.05,49,28.224559
141.0,26,28.228844
139.85,25,28.233168
137.0,28,28.238062
144.95,21,28.241783
142.1,22,28.245616
143.15,21,28.249202
126.85,31,28.254245
138.85,25,28.258639
144.25,21,28.262102
143.15,21,28.265314
141.9,24,28.269123
141.9,26,28.27319
126.8,38,28.62675
132.75,29,28.630836
140.2,26,28.634431
136.7,26,28.638026
137.95,29,28.642308
142.95,21,28.645295
139.9,26,28.648936
139.9,26,28.652565
135.9,30,28.656772
138.9,26,28.660406
136.85,33,28.665012
135.75,27,28.668807
139.8,28,28.673029
139.9,26,28.676713
141.85,23,28.679953
142.9,22,28.683029
144.05,23,28.686251
132.05,37,28.69147
138.9,28,28.69541
143.0,22,28.698501
145.95,19,28.703687
136.85,29,28.710089
141.95,23,28.714211
145.95,21,28.719053
142.15,33,28.724003
144.0,22,28.727319
140.9,26,28.731239
139.9,28,28.735323
143.95,21,28.738895
146.3,20,28.741934
137.0,32,28.746594
119.45,41,28.752561
144.0,22,28.755813
141.85,21,28.758988
137.05,29,28.763173
142.95,27,28.767045
139.8,22,28.770151
134.7,30,28.774334
144.2,20,28.777166
129.9,36,28.782201
142.85,21,28.785175
139.9,24,28.788535
119.6,46,28.795224
140.9,26,28.798973
139.15,25,28.802511
139.95,27,28.806293
128.6,28,28.8102
135.8,28,28.814093
142.95,25,28.817581
143.85,21,28.820517
129.95,31,28.824841
140.85,21,28.827769
143.05,25,28.831257
136.05,33,28.835856
143.25,25,28.839361
140.15,25,28.842843
140.95,27,28.846599
134.05,29,28.850642
142.9,22,28.853705
146.05,21,28.856639
144.3,22,28.859715
144.0,22,28.862788
146.0,22,28.865863
138.05,25,28.869376
137.95,27,28.873127
132.7,32,28.877563
137.8,24,28.880908
132.8,32,28.885356
141.3,26,28.888989
142.95,25,28.892488
145.0,20,28.895288
147.05,19,28.897943
145.95,19,28.900598
131.75,29,28.904621
142.9,22,28.907715
133.65,31,28.912012
142.9,20,28.914806
143.9,20,28.91761
145.25,21,28.920547
143.2,26,29.25883
146.3,20,29.261748
140.9,24,29.265037
145.3,20,29.267834
144.2,20,29.27058
144.2,22,29.273596
132.55,33,29.2781
140.15,25,29.281495
144.95,21,29.284375
136.7,28,29.288185
130.5,30,29.29228
138.95,27,29.295975
137.75,31,29.300204
147.0,18,29.30267
147.1,20,29.305551
145.05,21,29.308628
143.05,25,29.312124
143.95,23,29.315339
142.95,23,29.318592
139.0,26,29.322222
147.05,19,29.324861
141.85,21,29.327773
143.1,24,29.33108
147.05,19,29.333729
145.0,20,29.336495
147.0,18,29.338985
145.0,22,29.342024
147.0,18,29.344526
147.05,19,29.347158
145.0,20,29.349914
143.85,23,29.353077
144.95,19,29.355707
145.2,20,29.358495
145.95,19,29.361111
140.9,28,29.364968
145.0,20,29.367735
144.9,20,29.370495
146.25,19,29.373112
147.05,19,29.375734
137.9,30,29.379865
139.8,26,29.383465
143.9,20,29.386252
137.8,28,29.390109
139.85,23,29.393282
130.9,30,29.3974
146.0,20,29.400173
141.95,23,29.403335
142.15,23,29.406519
136.0,26,29.410106
147.05,19,29.412734
143.25,23,29.415914
142.9,20,29.418668
142.9,20,29.421408
139.95,27,29.425103
147.0,18,29.427601
135.7,28,29.431463
144.25,21,29.434343
137.95,25,29.437807
143.9,20,29.44056
147.0,18,29.443041
144.95,21,29.44594
147.0,18,29.448437
145.0,22,29.451487
139.85,23,29.454652
139.05,23,29.457806
143.85,21,29.460719
144.25,21,29.463605
142.85,21,29.466492
145.95,19,29.469107
142.25,23,29.472264
145.95,19,29.474871
142.95,25,29.478334
144.95,19,29.480941
143.9,20,29.48369
102.9,46,29.489977
143.9,20,29.492729
142.4,28,29.496567
142.15,23,29.49972
137.85,27,29.503431
144.95,19,29.506043
147.05,19,29.508647
144.95,19,29.511257
146.1,22,29.514273
127.55,33,29.518852
142.9,22,29.521877
145.0,20,29.524622
140.1,26,29.528198
147.05,19,29.530813
144.25,21,29.533695
146.0,20,29.536452
145.05,21,29.539324
138.2,26,29.874259
143.0,22,29.877423
147.0,18,29.879948
140.1,22,29.883031
143.95,21,29.885968
147.05,19,29.888618
140.15,25,29.892082
142.9,20,29.894858
139.9,30,29.899009
144.2,22,29.902047
135.9,40,29.907792
143.15,23,29.911028
143.9,20,29.913804
145.95,19,29.916417
144.95,23,29.91957
144.95,21,29.922439
145.0,22,29.925448
143.95,21,29.928315
147.05,19,29.930905
143.05,25,29.934323
147.0,18,29.936784
136.7,30,29.940843
138.0,24,29.944121
143.85,25,29.947541
147.05,19,29.950156
143.2,22,29.953144
143.3,24,29.956406
140.85,21,29.95927
142.2,22,29.962252
143.15,21,29.965101
141.9,24,29.968365
146.0,20,29.971098
143.9,24,29.974356
143.25,23,29.977471
145.95,19,29.98005
144.3,22,29.98306
146.25,19,29.985641
143.1,22,29.988639
147.0,18,29.991107
144.0,22,29.994087
139.75,23,29.997204
142.85,21,30.000052
146.0,20,30.0028
138.85,25,30.006195
145.95,19,30.008774
144.95,19,30.01134
146.0,22,30.014344
146.0,20,30.01705
142.95,21,30.019891
140.9,26,30.0234
142.9,20,30.026109
146.05,21,30.028961
133.8,30,30.033009
147.1,20,30.035738
145.95,19,30.038322
144.2,20,30.041035
143.95,21,30.043875
140.0,28,30.04764
137.8,28,30.051601
144.2,20,30.054399
145.95,19,30.057024
140.95,27,30.060733
145.95,19,30.063359
143.2,22,30.066374
147.0,18,30.068852
147.0,18,30.07133
144.95,19,30.073943
141.05,23,30.07712
146.3,20,30.079852
140.05,25,30.083284
145.05,23,30.086447
145.95,21,30.089331
146.25,19,30.091939
143.9,20,30.094674
141.85,25,30.098109
147.0,18,30.1006
134.95,27,30.104317
147.05,19,30.106922
138.0,26,30.110504
146.25,19,30.113107
142.85,21,30.115978
143.95,21,30.11886
146.0,20,30.121613
144.95,23,30.124758
145.2,20,30.127501
142.95,23,30.130654
140.95,27,30.134351
146.25,19,30.136961
147.05,19,30.139561
145.05,21,30.142415
140.15,23,30.145552
144.25,21,30.148435
143.95,21,30.151317
138.8,26,30.4856
138.0,34,30.49051
144.95,19,30.493269
146.05,21,30.496259
147.1,20,30.499122
147.05,19,30.501849
147.05,19,30.504576
140.85,23,30.507878
146.3,20,30.510764
144.95,19,30.513491
147.0,18,30.516104
145.95,19,30.518825
138.75,25,30.522527
142.2,22,30.525721
144.15,23,30.528961
145.25,21,30.531904
141.9,22,30.535002
145.95,19,30.537658
143.95,21,30.540562
145.0,22,30.543627
145.0,20,30.5464
144.95,19,30.549041
140.95,23,30.552232
141.85,21,30.555151
146.0,20,30.557966
144.9,20,30.560743
143.9,20,30.563527
146.0,20,30.566301
147.05,19,30.568933
144.95,19,30.571561
146.35,21,30.574476
143.85,21,30.577385
141.05,27,30.581137
135.25,33,30.585693
142.1,22,30.588727
146.25,19,30.59136
147.1,20,30.594136
144.95,19,30.596767
145.15,25,30.600242
132.7,30,30.604391
145.0,20,30.607164
145.25,21,30.610063
147.05,19,30.612684
142.95,23,30.615867
142.85,21,30.618758
143.05,23,30.621919
145.95,19,30.624565
146.05,21,30.627598
147.0,18,30.630167
139.8,22,30.633185
142.95,21,30.636041
145.0,20,30.638773
142.0,26,30.642302
139.05,25,30.64569
146.0,20,30.648416
142.95,25,30.651798
136.75,27,30.655461
145.2,20,30.658192
140.9,22,30.661156
135.95,35,30.665859
145.95,19,30.668425
146.0,22,30.671391
147.15,21,30.674226
142.2,24,30.677491
147.0,18,30.679929
145.95,19,30.682505
145.0,20,30.685229
144.95,19,30.687821
145.95,19,30.690417
140.85,25,30.693847
141.85,23,30.69695
140.8,22,30.699925
147.1,20,30.702629
140.1,24,30.705858
136.05,29,30.709796
147.05,19,30.712358
130.95,41,30.717865
147.0,18,30.720297
145.0,20,30.723014
139.05,29,30.72694
146.0,20,30.729643
147.05,19,30.732196
145.0,20,30.734914
144.05,25,30.738297
141.9,22,30.741273
137.4,30,30.745314
146.05,21,30.748185
147.1,20,30.75087
146.0,22,30.753855
144.2,20,30.756656
147.1,20,30.759569
146.05,21,30.762554
143.95,23,30.76581
-262.6,300,31.206043
142.05,27,31.210048
144.3,22,31.213119
144.2,20,31.215901
147.0,18,31.218397
145.1,22,31.221444
147.0,18,31.224148
141.85,23,31.22745
144.95,19,31.230158
141.05,27,31.234011
142.85,25,31.237549
143.95,25,31.241182
147.1,20,31.243972
146.3,20,31.246737
125.8,46,31.252983
147.05,19,31.255635
145.05,21,31.258492
143.25,27,31.262192
138.95,29,31.266182
147.0,18,31.268621
147.05,19,31.271229
147.05,19,31.274208
147.05,19,31.276979
142.95,25,31.280511
145.0,20,31.283369
145.95,21,31.286515
145.95,21,31.2896
144.2,20,31.292406
145.05,21,31.295297
144.3,22,31.298335
143.95,21,31.301234
135.95,37,31.30656
147.0,18,31.309187
95.5,66,31.318511
143.85,27,31.32259
136.5,34,31.327486
143.95,21,31.330525
137.1,36,31.335677
146.0,20,31.338626
140.95,27,31.342629
147.05,19,31.345326
146.0,20,31.348172
142.2,22,31.351265
143.0,22,31.3544
147.1,20,31.357404
146.0,20,31.360489
147.05,19,31.363241
147.0,18,31.365834
116.0,52,31.373583
138.2,34,31.378402
137.0,36,31.38344
146.45,23,31.386679
146.3,20,31.389681
146.25,19,31.392387
146.3,20,31.395204
142.9,20,31.39803
147.05,19,31.40082
147.0,18,31.403389
145.25,21,31.40645
141.95,23,31.409635
147.15,21,31.412555
145.05,21,31.415441
144.95,19,31.418048
145.95,19,31.420665
136.0,32,31.425196
101.95,65,31.43423
143.2,22,31.437317
142.9,22,31.440572
147.1,20,31.443376
146.05,21,31.446378
118.8,44,31.452506
144.95,19,31.455277
143.9,20,31.79103
146.25,19,31.793748
141.95,25,31.797213
143.9,20,31.800173
141.95,23,31.803333
139.95,31,31.807946
144.95,21,31.810955
146.25,19,31.813649
144.9,22,31.816784
147.05,19,31.81949
141.95,25,31.823262
147.05,19,31.825991
143.0,22,31.829108
144.05,25,31.832602
146.05,21,31.835535
146.35,21,31.838517
140.15,23,31.841725
146.0,20,31.844543
142.95,21,31.847505
146.25,19,31.850157
146.25,19,31.852809
147.0,18,31.855447
146.3,20,31.858323
147.0,18,31.860856
142.05,23,31.864073
147.0,18,31.866652
145.95,19,31.86934
143.85,21,31.872389
141.3,26,31.876099
147.1,20,31.878949
137.8,30,31.883229
144.3,22,31.886369
146.0,22,31.889509
145.35,21,31.892525
145.0,20,31.895389
144.95,23,31.898676
142.85,21,31.901684
146.3,20,31.904557
140.9,26,31.908264
138.0,32,31.912816
145.05,23,31.916114
147.05,19,31.918803
145.3,20,31.921659
147.0,18,31.924275
147.0,18,31.926838
144.95,23,31.930122
142.05,27,31.933962
147.0,18,31.936527
144.2,20,31.939378
145.0,20,31.942236
145.95,19,31.944926
147.05,19,31.947638
146.4,22,31.950753
133.95,27,31.954565
145.0,22,31.957712
145.05,21,31.960672
144.05,25,31.964203
147.1,20,31.967056
139.9,28,31.971027
143.9,20,31.97391
146.3,20,31.976751
147.0,18,31.979321
147.05,19,31.982013
143.9,22,31.985178
145.95,19,31.987868
143.95,21,31.990847
145.95,19,31.993576
147.0,18,31.996122
147.15,21,31.999104
145.95,21,32.002119
144.3,22,32.00524
147.0,18,32.007804
146.25,19,32.010517
141.8,24,32.01391
145.0,20,32.016735
147.05,19,32.019414
145.0,20,32.022278
147.15,21,32.025248
146.0,20,32.028055
141.15,23,32.031292
147.05,19,32.033978
142.15,25,32.037512
144.25,23,32.040801
104.2,68,32.050371
145.95,19,32.053062
143.15,21,32.05604
147.0,18,32.058632
147.05,19,32.061316
143.95,21,32.064281
145.0,20,32.067105
143.95,23,32.070358
144.3,22,32.073494
147.05,19,32.076165
146.05,21,32.079141
